timestamp,blink_rate,blink_duration_ms,eye_temp_celsius,screen_distance_cm,ambient_lux,room_humidity_pct,head_tilt_degrees,strain_level,strain_score
2026-08-11 09:15:29,17,200,35.0,45,294,50,3,Safe,0
2026-08-11 09:15:49,16,190,34.9,44,296,49,4,Safe,0
2026-08-11 09:16:09,17,198,35.1,45,290,49,7,Safe,0
2026-08-11 09:16:30,17,212,34.9,45,300,50,7,Safe,0
2026-08-11 09:16:49,17,192,35.0,43,295,49,4,Safe,0
2026-08-11 09:17:09,16,185,34.8,46,299,50,6,Safe,0
2026-08-11 09:17:29,4,718,33.5,13,75,26,39,Critical,100
2026-08-11 09:17:52,15,180,35.1,44,309,51,7,Safe,0
2026-08-11 09:18:12,15,183,35.1,43,305,49,7,Safe,0
2026-08-11 09:18:31,15,211,34.9,43,302,49,3,Safe,0
2026-08-11 09:18:50,17,196,34.8,45,310,51,3,Safe,0
2026-08-11 09:19:09,15,196,35.0,46,310,51,7,Safe,0
2026-08-11 09:19:28,17,193,34.9,47,292,51,4,Safe,0
2026-08-11 09:19:48,16,216,35.1,46,296,49,6,Safe,0
2026-08-11 09:20:07,16,199,35.1,45,293,49,6,Safe,0
2026-08-11 09:20:27,15,193,35.1,43,295,51,5,Safe,0
2026-08-11 09:20:48,16,189,34.8,47,303,50,5,Safe,0
2026-08-11 09:21:08,17,181,35.0,46,297,51,7,Safe,0
2026-08-11 09:21:28,17,205,35.1,44,298,50,6,Safe,0
2026-08-11 09:21:48,16,215,35.2,45,291,50,5,Safe,0
2026-08-11 09:22:08,15,191,34.8,43,299,50,6,Safe,0
2026-08-11 09:22:28,15,218,35.0,43,296,51,6,Safe,0
2026-08-11 09:22:47,16,220,34.9,43,295,51,3,Safe,0
2026-08-11 09:23:07,16,201,34.9,43,302,51,4,Safe,0
2026-08-11 09:23:27,16,184,34.8,43,305,50,7,Safe,0
2026-08-11 09:23:46,17,210,35.0,44,298,49,3,Safe,0
2026-08-11 09:24:06,15,219,34.9,45,310,49,7,Safe,0
2026-08-11 09:24:26,17,196,35.0,47,292,49,6,Safe,0
2026-08-11 09:24:45,17,212,34.8,45,302,49,6,Safe,0
2026-08-11 09:25:04,16,201,34.9,46,292,51,6,Safe,0
2026-08-11 09:25:24,17,192,34.9,46,307,51,5,Safe,0
2026-08-11 09:25:43,16,215,35.2,43,299,50,5,Safe,0
2026-08-11 09:26:03,16,203,35.0,44,304,49,6,Safe,0
2026-08-11 09:26:22,16,209,35.1,47,310,49,4,Safe,0
2026-08-11 09:26:41,16,180,34.8,47,296,49,6,Safe,0
2026-08-11 09:27:00,15,181,35.1,43,310,50,3,Safe,0
2026-08-11 09:27:20,17,191,35.0,47,300,51,5,Safe,0
2026-08-11 09:27:39,17,202,34.9,44,300,51,4,Safe,0
2026-08-11 09:27:58,16,198,35.2,44,300,49,5,Safe,0
2026-08-11 09:28:17,15,181,35.0,47,297,49,6,Safe,0
2026-08-11 09:28:36,15,190,35.0,43,297,51,3,Safe,0
2026-08-11 09:28:56,15,202,35.0,47,297,50,6,Safe,0
2026-08-11 09:29:15,15,195,34.9,46,307,49,6,Safe,0
2026-08-11 09:29:34,16,211,35.2,44,295,49,7,Safe,0
2026-08-11 09:29:54,15,216,35.0,45,299,51,5,Safe,0
2026-08-11 09:30:13,16,212,34.8,44,292,50,4,Safe,0
2026-08-11 09:30:33,15,189,34.8,47,303,50,3,Safe,0
2026-08-11 09:30:52,17,181,34.8,43,305,49,5,Safe,0
2026-08-11 09:31:12,15,213,35.1,44,301,49,6,Safe,0
2026-08-11 09:31:33,15,195,34.8,47,292,50,4,Safe,0
2026-08-11 09:31:53,16,204,35.0,46,296,49,5,Safe,0
2026-08-11 09:32:13,15,184,35.1,46,305,49,7,Safe,0
2026-08-11 09:32:32,15,210,35.1,46,307,49,3,Safe,0
2026-08-11 09:32:51,17,220,35.1,44,296,50,4,Safe,0
2026-08-11 09:33:11,17,190,35.1,44,293,50,6,Safe,0
2026-08-11 09:33:31,17,198,35.1,44,306,51,4,Safe,0
2026-08-11 09:33:50,15,217,34.9,47,302,51,3,Safe,0
2026-08-11 09:34:10,16,219,35.1,46,292,51,4,Safe,0
2026-08-11 09:34:29,15,205,35.0,45,300,50,5,Safe,0
2026-08-11 09:34:48,17,210,34.9,46,309,50,7,Safe,0
2026-08-11 09:35:08,15,199,35.0,46,301,49,4,Safe,0
2026-08-11 09:35:27,17,202,34.8,44,293,50,6,Safe,0
2026-08-11 09:35:46,17,219,35.1,45,297,50,5,Safe,0
2026-08-11 09:36:05,16,211,35.0,44,304,50,4,Safe,0
2026-08-11 09:36:25,15,212,35.1,43,290,50,5,Safe,0
2026-08-11 09:36:45,16,192,35.2,46,290,50,4,Safe,0
2026-08-11 09:37:05,15,205,35.2,45,306,49,3,Safe,0
2026-08-11 09:37:25,15,197,34.8,43,308,50,6,Safe,0
2026-08-11 09:37:46,15,194,35.1,44,306,49,5,Safe,0
2026-08-11 09:38:06,16,213,35.0,47,307,50,7,Safe,0
2026-08-11 09:38:26,16,199,35.0,45,306,51,5,Safe,0
2026-08-11 09:38:46,15,191,35.2,43,292,50,6,Safe,0
2026-08-11 09:39:06,17,183,34.9,43,308,50,4,Safe,0
2026-08-11 09:39:25,17,196,34.8,46,290,49,5,Safe,0
2026-08-11 09:39:45,17,185,35.1,44,310,49,7,Safe,0
2026-08-11 09:40:05,16,202,35.0,47,300,50,6,Safe,0
2026-08-11 09:40:25,17,194,34.9,43,294,50,7,Safe,0
2026-08-11 09:40:45,17,186,35.2,43,303,49,3,Safe,0
2026-08-11 09:41:04,17,181,35.1,47,301,51,3,Safe,0
2026-08-11 09:41:24,16,191,35.1,47,303,50,5,Safe,0
2026-08-11 09:41:44,15,204,35.0,43,297,50,5,Safe,0
2026-08-11 09:42:04,16,216,35.2,45,296,51,3,Safe,0
2026-08-11 09:46:26,17,203,35.1,44,304,50,6,Safe,0
2026-08-11 09:46:46,15,182,35.0,43,308,50,6,Safe,0
2026-08-11 09:47:06,16,217,35.1,44,301,49,4,Safe,0
2026-08-11 10:03:37,0,200,34.5,16,199,50,5,Safe,50
2026-08-11 10:03:56,0,200,34.5,17,175,50,15,Safe,52
2026-08-11 10:04:16,0,200,34.5,50,178,50,5,Safe,32
2026-08-11 10:04:43,16,200,34.5,13,155,50,15,Safe,26
2026-08-11 10:05:02,0,200,34.5,14,156,50,5,Safe,52
2026-08-11 10:08:35,0,200,34.5,17,155,50,35,Critical,74
2026-08-11 10:09:33,0,200,34.5,17,178,50,15,Safe,52
2026-08-11 10:09:52,0,200,34.5,11,137,50,5,Safe,52
2026-08-11 10:11:14,16,188,35.2,43,293,51,7,Safe,0
2026-08-11 10:11:33,16,186,34.9,45,296,51,4,Safe,0
2026-08-11 10:11:53,17,183,34.9,44,302,51,7,Safe,0
2026-08-11 10:19:40,17,181,35.2,46,303,50,7,Safe,0
2026-08-11 10:20:00,16,194,35.0,45,306,51,7,Safe,0
2026-08-11 10:20:19,17,219,35.0,47,298,50,3,Safe,0
2026-08-11 10:20:39,15,205,34.9,46,304,50,6,Safe,0
2026-08-11 10:20:58,17,217,35.1,44,308,50,7,Safe,0
2026-08-11 10:21:18,15,194,34.8,43,295,51,4,Safe,0
2026-08-11 10:21:37,15,218,35.1,46,294,51,4,Safe,0
2026-08-11 10:21:56,17,215,35.1,47,306,51,4,Safe,0
2026-08-11 10:22:16,15,204,35.0,45,301,50,7,Safe,0
2026-08-11 10:22:35,16,205,34.9,46,300,49,4,Safe,0
2026-08-11 10:22:54,15,209,35.1,47,298,50,5,Safe,0
2026-08-11 10:23:14,17,196,35.2,45,305,49,4,Safe,0
2026-08-11 10:23:33,15,217,34.9,46,309,49,4,Safe,0
2026-08-11 10:23:52,15,214,34.9,46,303,50,3,Safe,0
2026-08-11 10:24:12,15,180,34.8,47,294,49,4,Safe,0
2026-08-11 10:24:31,15,216,34.9,47,297,50,3,Safe,0
2026-08-11 10:24:51,15,188,34.9,45,292,51,5,Safe,0
2026-08-11 10:25:11,15,220,35.0,45,296,49,4,Safe,0
2026-08-11 10:25:31,17,220,35.1,47,299,50,5,Safe,0
2026-08-11 10:25:51,17,215,35.1,47,307,49,7,Safe,0
2026-08-11 10:26:10,17,204,35.0,43,303,51,5,Safe,0
2026-08-11 10:26:29,15,198,35.1,47,299,49,6,Safe,0
2026-08-11 10:26:49,16,182,35.0,44,303,49,4,Safe,0
2026-08-11 10:27:08,15,212,34.9,44,309,49,7,Safe,0
2026-08-11 10:27:27,15,204,35.2,46,306,50,3,Safe,0
2026-08-11 10:27:46,16,207,34.9,47,293,51,4,Safe,0
2026-08-11 10:28:05,17,213,35.0,45,308,51,3,Safe,0
2026-08-11 10:28:25,17,186,34.9,44,310,51,5,Safe,0
2026-08-11 10:28:44,16,203,35.0,43,303,51,5,Safe,0
2026-08-11 10:29:03,17,202,34.9,45,306,49,3,Safe,0
2026-08-11 10:30:39,17,215,34.8,47,299,49,7,Safe,0
2026-08-11 10:36:30,0,193,34.9,43,304,51,3,Safe,0
2026-08-11 10:36:49,0,195,35.1,44,299,51,5,Safe,0
2026-08-11 10:39:44,4,181,35.0,47,292,50,3,Safe,2
2026-08-11 10:40:03,10,190,35.1,44,301,51,6,Safe,0
2026-08-11 10:40:23,16,206,35.0,47,305,49,4,Safe,0
2026-08-11 10:40:42,22,203,34.9,47,305,50,6,Safe,0
2026-08-11 10:44:03,0,192,35.0,43,293,50,4,Safe,0
2026-08-11 10:46:27,0,217,35.0,45,308,50,7,Safe,1
2026-08-11 10:46:46,0,198,35.0,43,292,49,5,Safe,0
2026-08-11 10:47:06,0,198,35.2,44,308,51,6,Safe,0
2026-08-11 10:47:34,0,215,34.8,46,301,50,4,Safe,1
2026-08-11 10:55:49,0,200,30.7,18,150,50,5,Safe,13
2026-08-11 10:56:08,0,200,37.3,50,102,50,5,Safe,4
2026-08-11 10:56:27,0,200,30.7,50,70,50,5,Safe,18
2026-08-11 10:56:47,0,200,30.7,50,82,50,5,Safe,18
2026-08-11 10:57:06,0,200,186.4,50,145,50,5,Safe,0
2026-08-11 10:57:25,0,200,38.0,17,150,50,5,Safe,1
2026-08-11 10:57:45,0,200,38.1,31,150,50,5,Safe,1
2026-08-11 10:58:04,0,200,38.2,17,150,50,5,Safe,1
2026-08-11 10:58:23,0,218,35.1,45,308,50,6,Safe,1
2026-08-11 10:58:41,0,191,34.8,43,301,50,5,Safe,0
2026-08-11 11:04:31,0,200,37.6,9,150,50,5,Safe,2
2026-08-11 11:04:51,0,200,37.6,5,150,50,5,Safe,6
2026-08-11 11:06:06,0,200,35.7,10,150,50,5,Safe,2
2026-08-11 11:09:08,2,611,36.2,17,746,50,5,Safe,6
2026-08-11 11:09:30,3,686,34.5,50,150,50,5,Safe,10
2026-08-11 11:10:08,3,686,35.9,13,96,50,5,Safe,14
2026-08-11 11:12:37,3,686,28.7,50,5760,50,5,Safe,7
2026-08-11 11:24:38,0,200,25.0,45,150,50,5,Safe,12
2026-08-11 11:30:40,0,200,25.0,6553,150,50,5,Safe,12
2026-08-11 11:35:16,0,200,25.0,45,150,50,5,Safe,12
2026-08-11 11:38:57,0,214,24.8,5,153,50,7,Safe,18
2026-08-11 11:44:23,0,200,25.0,0,150,50,5,Safe,18
2026-08-11 12:26:59,0,200,25.0,0,150,50,5,Safe,18
2026-08-11 12:44:12,0,200,25.0,0,150,50,5,Safe,18
2026-08-11 12:46:16,0,200,25.0,45,150,50,5,Safe,12
2026-08-11 12:51:45,16,200,34.5,14,175,50,15,Safe,0
2026-08-11 12:52:05,0,200,34.5,15,436,50,5,Safe,8
2026-08-11 12:52:24,0,200,34.5,16,158,50,5,Safe,0
2026-08-11 12:53:58,0,200,25.0,45,150,50,5,Safe,12
2026-08-11 12:55:29,0,200,34.5,8,71,50,5,Safe,6
2026-08-11 12:55:48,0,200,34.5,6,98,50,35,Critical,90
2026-08-11 12:56:08,0,200,34.5,5,141,50,35,Critical,98
2026-08-11 12:59:14,0,200,25.0,45,150,50,5,Safe,12
2026-08-11 12:59:34,0,200,25.0,45,150,50,5,Safe,12
2026-08-11 12:59:55,0,200,29.7,9,135,50,5,Safe,13
2026-08-11 13:00:15,0,200,29.7,0,187,50,5,Safe,18
2026-08-11 13:00:42,0,200,25.0,45,150,50,5,Safe,12
2026-08-11 13:01:02,0,200,25.0,45,150,50,5,Safe,12
2026-08-11 13:01:23,0,200,29.8,12,119,50,5,Safe,13
2026-08-11 13:01:44,0,200,29.8,11,117,50,5,Safe,13
2026-08-11 13:02:04,0,200,25.0,45,150,50,5,Safe,12
2026-08-11 13:02:24,0,200,34.5,0,142,50,35,Critical,98
2026-08-11 13:02:44,0,200,34.5,0,-1,50,5,Safe,12
2026-08-11 13:03:03,0,200,34.5,11,54612,50,5,Safe,6
2026-08-11 13:03:22,0,200,34.5,25,7627,50,5,Safe,0
2026-08-11 13:03:42,0,200,25.0,45,150,50,5,Safe,12
2026-08-11 13:04:01,0,200,25.0,45,150,50,5,Safe,12
2026-08-11 13:04:26,0,200,25.0,45,150,50,5,Safe,12
2026-08-11 13:06:39,0,200,25.0,45,150,50,5,Safe,12
2026-08-11 13:06:58,0,200,25.0,45,150,50,5,Safe,12
2026-08-11 13:07:17,0,200,25.0,45,150,50,5,Safe,12
2026-08-11 13:07:36,0,200,25.0,45,150,50,5,Safe,12
2026-08-11 13:07:55,0,200,25.0,45,150,50,5,Safe,12
2026-08-11 13:08:14,0,200,25.0,45,150,50,5,Safe,12
2026-08-11 13:08:33,0,200,25.0,45,150,50,5,Safe,12
2026-08-11 13:08:52,0,200,25.0,45,150,50,5,Safe,12
2026-08-11 13:09:11,0,200,25.0,45,150,50,5,Safe,12
2026-08-11 13:09:32,0,200,25.0,45,150,50,5,Safe,12
2026-08-11 13:09:51,0,200,25.0,45,150,50,5,Safe,12
2026-08-11 13:10:11,0,200,25.0,45,150,50,5,Safe,12
2026-08-11 13:10:31,0,200,25.0,45,150,50,5,Safe,12
2026-08-11 13:10:51,0,200,25.0,45,150,50,5,Safe,12
2026-08-11 13:11:12,0,200,25.0,45,150,50,5,Safe,12
2026-08-11 13:11:32,0,200,25.0,45,150,50,5,Safe,12
2026-08-11 13:11:52,0,200,25.0,45,150,50,5,Safe,12
2026-08-11 13:12:12,0,200,25.0,45,150,50,5,Safe,12
2026-08-11 13:33:16,0,200,25.0,45,150,50,5,Safe,12
2026-08-11 13:33:35,0,200,25.0,45,150,50,5,Safe,12
2026-08-11 13:33:55,0,200,25.0,45,150,50,5,Safe,12
2026-08-11 13:34:14,0,200,25.0,45,150,50,5,Safe,12
2026-08-11 13:34:33,0,200,25.0,45,150,50,5,Safe,12
2026-08-11 13:34:52,0,200,25.0,45,150,50,5,Safe,12
2026-08-11 13:35:12,0,200,25.0,45,150,50,5,Safe,12
2026-08-11 13:35:31,0,200,25.0,45,150,50,5,Safe,12
2026-08-11 13:35:51,0,200,25.0,45,150,50,5,Safe,12
2026-08-11 13:36:10,0,200,25.0,45,150,50,5,Safe,12
2026-08-11 13:36:29,0,200,25.0,45,150,50,5,Safe,12
2026-08-11 13:36:48,0,200,25.0,45,150,50,5,Safe,12
2026-08-11 13:37:07,0,200,25.0,45,150,50,5,Safe,12
2026-08-11 13:37:27,0,200,25.0,45,150,50,5,Safe,12
2026-08-11 13:37:46,0,200,25.0,45,150,50,5,Safe,12
2026-08-11 13:38:05,0,200,25.0,45,150,50,5,Safe,12
2026-08-11 13:38:27,0,700,33.5,15,80,25,40,Critical,97
2026-08-11 13:38:59,0,200,25.0,45,150,50,5,Safe,12
2026-08-11 13:39:21,0,200,25.0,45,150,50,5,Safe,12
2026-08-11 13:39:42,0,200,25.0,45,150,50,5,Safe,12
2026-08-11 13:40:02,0,200,25.0,45,150,50,5,Safe,12
2026-08-11 13:40:22,0,200,25.0,45,150,50,5,Safe,12
2026-08-11 13:40:41,0,200,25.0,45,150,50,5,Safe,12
2026-08-11 13:41:01,0,200,25.0,45,150,50,5,Safe,12
2026-08-11 13:41:21,0,200,25.0,45,150,50,5,Safe,12
2026-08-11 13:41:41,0,200,25.0,45,150,50,5,Safe,12
2026-08-11 13:42:01,0,200,25.0,45,150,50,5,Safe,12
2026-08-11 13:42:21,0,200,25.0,45,150,50,5,Safe,12
2026-08-11 13:42:41,0,200,25.0,45,150,50,5,Safe,12
2026-08-11 13:43:01,0,200,25.0,45,150,50,5,Safe,12
2026-08-11 13:43:21,0,200,25.0,45,150,50,5,Safe,12
2026-08-11 13:43:41,0,200,25.0,45,150,50,5,Safe,12
2026-08-11 13:44:01,0,200,25.0,45,150,50,5,Safe,12
2026-08-11 13:44:21,0,200,25.0,45,150,50,5,Safe,12
2026-08-11 13:44:41,0,200,25.0,45,150,50,5,Safe,12
2026-08-11 13:45:01,0,200,25.0,45,150,50,5,Safe,12
2026-08-11 13:45:21,0,200,25.0,45,150,50,5,Safe,12
2026-08-11 13:45:41,0,200,25.0,45,150,50,5,Safe,12
2026-08-11 13:46:01,0,200,25.0,45,150,50,5,Safe,12
2026-08-11 13:46:21,0,200,25.0,45,150,50,5,Safe,12
2026-08-11 13:46:41,0,200,25.0,45,150,50,5,Safe,12
2026-08-11 13:47:01,0,200,25.0,45,150,50,5,Safe,12
2026-08-11 13:47:21,0,200,25.0,45,150,50,5,Safe,12
2026-08-11 13:47:41,0,200,25.0,45,150,50,5,Safe,12
2026-08-11 13:48:01,0,200,25.0,45,150,50,5,Safe,12
2026-08-11 13:48:21,0,200,25.0,45,150,50,5,Safe,12
2026-08-11 13:48:41,0,200,25.0,45,150,50,5,Safe,12
2026-08-11 13:49:01,0,200,25.0,45,150,50,5,Safe,12
2026-08-11 13:49:21,0,200,25.0,45,150,50,5,Safe,12
2026-08-11 13:49:42,0,200,25.0,45,150,50,5,Safe,12
2026-08-11 13:50:02,0,200,25.0,45,150,50,5,Safe,12
2026-08-11 13:50:22,0,200,25.0,45,150,50,5,Safe,12
2026-08-11 13:50:42,0,200,25.0,45,150,50,5,Safe,12
2026-08-11 13:51:02,0,200,25.0,45,150,50,5,Safe,12
2026-08-11 13:51:22,0,200,25.0,45,150,50,5,Safe,12
2026-08-11 13:51:42,0,200,25.0,45,150,50,5,Safe,12
2026-08-11 13:52:03,0,200,25.0,45,150,50,5,Safe,12
2026-08-11 13:52:23,0,200,25.0,45,150,50,5,Safe,12
2026-08-11 13:52:43,0,200,25.0,45,150,50,5,Safe,12
2026-08-11 13:53:03,0,200,25.0,45,150,50,5,Safe,12
2026-08-11 13:53:24,0,200,25.0,45,150,50,5,Safe,12
2026-08-11 13:53:44,0,200,25.0,45,150,50,5,Safe,12
2026-08-11 13:54:04,0,200,25.0,45,150,50,5,Safe,12
2026-08-11 13:54:24,0,200,25.0,45,150,50,5,Safe,12
2026-08-11 13:54:44,0,200,25.0,45,150,50,5,Safe,12
2026-08-11 13:55:04,0,200,25.0,45,150,50,5,Safe,12
2026-08-11 13:55:24,0,200,25.0,45,150,50,5,Safe,12
2026-08-11 13:55:44,0,200,25.0,45,150,50,5,Safe,12
2026-08-11 13:56:04,0,200,25.0,45,150,50,5,Safe,12
2026-08-11 13:56:25,0,200,25.0,45,150,50,5,Safe,12
2026-08-11 13:56:45,0,200,25.0,45,150,50,5,Safe,12
2026-08-11 13:57:05,0,200,25.0,45,150,50,5,Safe,12
2026-08-11 13:57:25,0,200,25.0,45,150,50,5,Safe,12
2026-08-11 13:57:45,0,200,25.0,45,150,50,5,Safe,12
2026-08-11 13:58:05,0,200,25.0,45,150,50,5,Safe,12
2026-08-11 13:58:26,0,200,25.0,45,150,50,5,Safe,12
2026-08-11 13:58:46,0,200,25.0,45,150,50,5,Safe,12
2026-08-11 13:59:06,0,200,25.0,45,150,50,5,Safe,12
2026-08-11 13:59:26,0,200,25.0,45,150,50,5,Safe,12
2026-08-11 13:59:46,0,200,25.0,45,150,50,5,Safe,12
2026-08-11 14:00:06,0,200,25.0,45,150,50,5,Safe,12
2026-08-11 14:00:26,0,200,25.0,45,150,50,5,Safe,12
2026-08-11 14:00:46,0,200,25.0,45,150,50,5,Safe,12
2026-08-11 14:01:07,0,200,25.0,45,150,50,5,Safe,12
2026-08-11 14:01:27,0,200,25.0,45,150,50,5,Safe,12
2026-08-11 14:01:46,0,200,25.0,45,150,50,5,Safe,12
2026-08-11 14:02:06,0,200,25.0,45,150,50,5,Safe,12
2026-08-11 14:02:26,0,200,25.0,45,150,50,5,Safe,12
2026-08-11 14:02:46,0,200,25.0,45,150,50,5,Safe,12
2026-08-11 14:03:06,0,200,25.0,45,150,50,5,Safe,12
2026-08-11 14:03:26,0,200,25.0,45,150,50,5,Safe,12
2026-08-11 14:03:46,0,200,25.0,45,150,50,5,Safe,12
2026-08-11 14:04:06,0,200,25.0,45,150,50,5,Safe,12
2026-08-11 14:04:26,0,200,25.0,45,150,50,5,Safe,12
2026-08-11 14:04:47,0,200,25.0,45,150,50,5,Safe,12
2026-08-11 14:05:07,0,200,25.0,45,150,50,5,Safe,12
2026-08-11 14:05:27,0,200,25.0,45,150,50,5,Safe,12
2026-08-11 14:05:47,0,200,25.0,45,150,50,5,Safe,12
2026-08-11 14:06:07,0,200,25.0,45,150,50,5,Safe,12
2026-08-11 14:06:28,0,200,25.0,45,150,50,5,Safe,12
2026-08-11 14:06:48,0,200,25.0,45,150,50,5,Safe,12
2026-08-11 14:07:08,0,200,25.0,45,150,50,5,Safe,12
2026-08-11 14:07:28,0,200,25.0,45,150,50,5,Safe,12
2026-08-11 14:07:48,0,200,25.0,45,150,50,5,Safe,12
2026-08-11 14:08:08,0,200,25.0,45,150,50,5,Safe,12
2026-08-11 14:08:28,0,200,25.0,45,150,50,5,Safe,12
2026-08-11 14:08:48,0,200,25.0,45,150,50,5,Safe,12
2026-08-11 14:09:08,0,200,25.0,45,150,50,5,Safe,12
2026-08-11 14:09:28,0,200,25.0,45,150,50,5,Safe,12
2026-08-11 14:09:48,0,200,25.0,45,150,50,5,Safe,12
2026-08-11 14:10:09,0,200,25.0,45,150,50,5,Safe,12
2026-08-11 14:10:29,0,200,25.0,45,150,50,5,Safe,12
2026-08-11 14:10:50,0,200,25.0,45,150,50,5,Safe,12
2026-08-11 14:11:10,0,200,25.0,45,150,50,5,Safe,12
2026-08-11 14:11:31,0,200,25.0,45,150,50,5,Safe,12
2026-08-11 14:11:52,0,200,25.0,45,150,50,5,Safe,12
2026-08-11 14:12:12,0,200,25.0,45,150,50,5,Safe,12
2026-08-11 14:12:33,0,200,25.0,45,150,50,5,Safe,12
2026-08-11 14:12:53,0,200,25.0,45,150,50,5,Safe,12
2026-08-11 14:13:13,0,200,25.0,45,150,50,5,Safe,12
2026-08-11 14:13:33,0,200,25.0,45,150,50,5,Safe,12
2026-08-11 14:13:53,0,200,25.0,45,150,50,5,Safe,12
2026-08-11 14:14:13,0,200,25.0,45,150,50,5,Safe,12
2026-08-11 14:14:33,0,200,25.0,45,150,50,5,Safe,12
2026-08-11 14:14:53,0,200,25.0,45,150,50,5,Safe,12
2026-08-11 14:15:13,0,200,25.0,45,150,50,5,Safe,12
2026-08-11 14:15:33,0,200,25.0,45,150,50,5,Safe,12
2026-08-11 14:15:54,0,200,25.0,45,150,50,5,Safe,12
2026-08-11 14:16:14,0,200,25.0,45,150,50,5,Safe,12
2026-08-11 14:16:34,0,200,25.0,45,150,50,5,Safe,12
2026-08-11 14:16:54,0,200,25.0,45,150,50,5,Safe,12
2026-08-11 14:17:14,0,200,25.0,45,150,50,5,Safe,12
2026-08-11 14:17:34,0,200,25.0,45,150,50,5,Safe,12
2026-08-11 14:17:54,0,200,25.0,45,150,50,5,Safe,12
2026-08-11 14:18:15,0,200,25.0,45,150,50,5,Safe,12
2026-08-11 14:18:35,0,200,25.0,45,150,50,5,Safe,12
2026-08-11 14:18:55,0,200,25.0,45,150,50,5,Safe,12
2026-08-11 14:19:16,0,200,25.0,45,150,50,5,Safe,12
2026-08-11 14:19:36,0,200,25.0,45,150,50,5,Safe,12
2026-08-11 14:19:56,0,200,25.0,45,150,50,5,Safe,12
2026-08-11 14:20:16,0,200,25.0,45,150,50,5,Safe,12
2026-08-11 14:20:37,0,200,25.0,45,150,50,5,Safe,12
2026-08-11 14:20:57,0,200,25.0,45,150,50,5,Safe,12
2026-08-11 14:21:17,0,200,25.0,45,150,50,5,Safe,12
2026-08-11 14:21:37,0,200,25.0,45,150,50,5,Safe,12
2026-08-11 14:21:57,0,200,25.0,45,150,50,5,Safe,12
2026-08-11 14:22:17,0,200,25.0,45,150,50,5,Safe,12
2026-08-11 14:22:37,0,200,25.0,45,150,50,5,Safe,12
2026-08-11 14:22:57,0,200,25.0,45,150,50,5,Safe,12
2026-08-11 14:23:17,0,200,25.0,45,150,50,5,Safe,12
2026-08-11 14:23:37,0,200,25.0,45,150,50,5,Safe,12
2026-08-11 14:23:58,0,200,25.0,45,150,50,5,Safe,12
2026-08-11 14:24:18,0,200,25.0,45,150,50,5,Safe,12
2026-08-11 14:24:38,0,200,25.0,45,150,50,5,Safe,12
2026-08-11 14:24:58,0,200,25.0,45,150,50,5,Safe,12
2026-08-11 14:25:18,0,200,25.0,45,150,50,5,Safe,12
2026-08-11 14:25:38,0,200,25.0,45,150,50,5,Safe,12
2026-08-11 14:25:58,0,200,25.0,45,150,50,5,Safe,12
2026-08-11 14:26:18,0,200,25.0,45,150,50,5,Safe,12
2026-08-11 14:26:38,0,200,25.0,45,150,50,5,Safe,12
2026-08-11 14:26:58,0,200,25.0,45,150,50,5,Safe,12
2026-08-11 14:27:18,0,200,25.0,45,150,50,5,Safe,12
2026-08-11 14:27:38,0,200,25.0,45,150,50,5,Safe,12
2026-08-11 14:27:58,0,200,25.0,45,150,50,5,Safe,12
2026-08-11 14:28:18,0,200,25.0,45,150,50,5,Safe,12
2026-08-11 14:28:38,0,200,25.0,45,150,50,5,Safe,12
2026-08-11 14:28:59,0,200,25.0,45,150,50,5,Safe,12
2026-08-11 14:29:19,0,200,25.0,45,150,50,5,Safe,12
2026-08-11 14:29:40,0,200,25.0,45,150,50,5,Safe,12
2026-08-11 14:30:00,0,200,25.0,45,150,50,5,Safe,12
2026-08-11 14:30:19,0,200,25.0,45,150,50,5,Safe,12
2026-08-11 14:30:40,0,200,25.0,45,150,50,5,Safe,12
2026-08-11 14:31:00,0,200,25.0,45,150,50,5,Safe,12
2026-08-11 14:31:20,0,200,25.0,45,150,50,5,Safe,12
2026-08-11 14:31:40,0,200,25.0,45,150,50,5,Safe,12
2026-08-11 14:32:01,0,200,25.0,45,150,50,5,Safe,12
2026-08-11 14:32:21,0,200,25.0,45,150,50,5,Safe,12
2026-08-11 14:32:41,0,200,25.0,45,150,50,5,Safe,12
2026-08-11 14:33:01,0,200,25.0,45,150,50,5,Safe,12
2026-08-11 14:33:21,0,200,25.0,45,150,50,5,Safe,12
2026-08-11 14:33:41,0,200,25.0,45,150,50,5,Safe,12
2026-08-11 14:34:01,0,200,25.0,45,150,50,5,Safe,12
2026-08-11 14:34:21,0,200,25.0,45,150,50,5,Safe,12
2026-08-11 14:34:41,0,200,25.0,45,150,50,5,Safe,12
2026-08-11 14:35:01,0,200,25.0,45,150,50,5,Safe,12
2026-08-11 14:35:21,0,200,25.0,45,150,50,5,Safe,12
2026-08-11 14:35:42,0,200,25.0,45,150,50,5,Safe,12
2026-08-11 14:36:02,0,200,25.0,45,150,50,5,Safe,12
2026-08-11 14:36:22,0,200,25.0,45,150,50,5,Safe,12
2026-08-11 14:36:43,0,200,25.0,45,150,50,5,Safe,12
2026-08-11 14:37:05,0,200,25.0,45,150,50,5,Safe,12
2026-08-11 14:37:26,0,200,25.0,45,150,50,5,Safe,12
2026-08-11 14:37:48,0,200,25.0,45,150,50,5,Safe,12
2026-08-11 14:38:09,0,200,25.0,45,150,50,5,Safe,12
2026-08-11 14:38:29,0,200,25.0,45,150,50,5,Safe,12
2026-08-11 14:38:50,0,200,25.0,45,150,50,5,Safe,12
2026-08-11 14:39:10,0,200,25.0,45,150,50,5,Safe,12
2026-08-11 14:39:31,0,200,25.0,45,150,50,5,Safe,12
2026-08-11 14:39:51,0,200,25.0,45,150,50,5,Safe,12
2026-08-11 14:40:11,0,200,25.0,45,150,50,5,Safe,12
2026-08-11 14:40:31,0,200,25.0,45,150,50,5,Safe,12
2026-08-11 14:40:52,0,200,25.0,45,150,50,5,Safe,12
2026-08-11 14:41:11,0,200,25.0,45,150,50,5,Safe,12
2026-08-11 14:41:31,0,200,25.0,45,150,50,5,Safe,12
2026-08-11 14:41:51,0,200,25.0,45,150,50,5,Safe,12
2026-08-11 14:42:11,0,200,25.0,45,150,50,5,Safe,12
2026-08-11 14:42:31,0,200,25.0,45,150,50,5,Safe,12
2026-08-11 14:42:52,0,200,25.0,45,150,50,5,Safe,12
2026-08-11 14:43:12,0,200,25.0,45,150,50,5,Safe,12
2026-08-11 14:43:32,0,200,25.0,45,150,50,5,Safe,12
2026-08-11 14:43:52,0,200,25.0,45,150,50,5,Safe,12
2026-08-11 14:44:13,0,200,25.0,45,150,50,5,Safe,12
2026-08-11 14:44:33,0,200,25.0,45,150,50,5,Safe,12
2026-08-11 14:44:52,0,200,25.0,45,150,50,5,Safe,12
2026-08-11 14:45:12,0,200,25.0,45,150,50,5,Safe,12
2026-08-11 14:45:32,0,200,25.0,45,150,50,5,Safe,12
2026-08-11 14:45:53,0,200,25.0,45,150,50,5,Safe,12
2026-08-11 14:46:13,0,200,25.0,45,150,50,5,Safe,12
2026-08-11 14:46:33,0,200,25.0,45,150,50,5,Safe,12
2026-08-11 14:46:53,0,200,25.0,45,150,50,5,Safe,12
2026-08-11 14:47:13,0,200,25.0,45,150,50,5,Safe,12
2026-08-11 14:47:33,0,200,25.0,45,150,50,5,Safe,12
2026-08-11 14:47:54,0,200,25.0,45,150,50,5,Safe,12
2026-08-11 14:48:14,0,200,25.0,45,150,50,5,Safe,12
2026-08-11 14:48:34,0,200,25.0,45,150,50,5,Safe,12
2026-08-11 14:48:54,0,200,25.0,45,150,50,5,Safe,12
2026-08-11 14:49:14,0,200,25.0,45,150,50,5,Safe,12
2026-08-11 14:49:35,0,200,25.0,45,150,50,5,Safe,12
2026-08-11 14:49:55,0,200,25.0,45,150,50,5,Safe,12
2026-08-11 14:50:15,0,200,25.0,45,150,50,5,Safe,12
2026-08-11 14:50:35,0,200,25.0,45,150,50,5,Safe,12
2026-08-11 14:50:56,0,200,25.0,45,150,50,5,Safe,12
2026-08-11 14:51:16,0,200,25.0,45,150,50,5,Safe,12
2026-08-11 14:51:35,0,200,25.0,45,150,50,5,Safe,12
2026-08-11 14:51:54,0,200,25.0,45,150,50,5,Safe,12
2026-08-11 14:52:14,0,200,25.0,45,150,50,5,Safe,12
2026-08-11 14:52:33,0,200,25.0,45,150,50,5,Safe,12
2026-08-11 14:52:52,0,200,25.0,45,150,50,5,Safe,12
2026-08-11 14:53:11,0,200,25.0,45,150,50,5,Safe,12
2026-08-11 14:53:31,0,200,25.0,45,150,50,5,Safe,12
2026-08-11 14:53:50,0,200,25.0,45,150,50,5,Safe,12
2026-08-11 14:54:09,0,200,25.0,45,150,50,5,Safe,12
2026-08-11 14:54:29,0,200,25.0,45,150,50,5,Safe,12
2026-08-11 14:54:48,0,200,25.0,45,150,50,5,Safe,12
2026-08-11 14:55:07,0,200,25.0,45,150,50,5,Safe,12
2026-08-11 14:55:27,0,200,25.0,45,150,50,5,Safe,12
2026-08-11 14:55:46,0,200,25.0,45,150,50,5,Safe,12
2026-08-11 14:56:06,0,200,25.0,45,150,50,5,Safe,12
2026-08-11 14:56:25,0,200,25.0,45,150,50,5,Safe,12
2026-08-11 14:56:45,0,200,25.0,45,150,50,5,Safe,12
2026-08-11 14:57:04,0,200,25.0,45,150,50,5,Safe,12
2026-08-11 14:57:24,0,200,25.0,45,150,50,5,Safe,12
2026-08-11 14:57:43,0,200,25.0,45,150,50,5,Safe,12
2026-08-11 14:58:03,0,200,25.0,45,150,50,5,Safe,12
2026-08-11 14:58:22,0,200,25.0,45,150,50,5,Safe,12
2026-08-11 14:58:42,0,200,25.0,45,150,50,5,Safe,12
2026-08-11 14:59:01,0,200,25.0,45,150,50,5,Safe,12
2026-08-11 14:59:20,0,200,25.0,45,150,50,5,Safe,12
2026-08-11 14:59:40,0,200,25.0,45,150,50,5,Safe,12
2026-08-11 14:59:59,0,200,25.0,45,150,50,5,Safe,12
2026-08-11 15:00:19,0,200,25.0,45,150,50,5,Safe,12
2026-08-11 15:00:38,0,200,25.0,45,150,50,5,Safe,12
2026-08-11 15:00:58,0,200,25.0,45,150,50,5,Safe,12
2026-08-11 15:01:17,0,200,25.0,45,150,50,5,Safe,12
2026-08-11 15:01:36,0,200,25.0,45,150,50,5,Safe,12
2026-08-11 15:01:56,0,200,25.0,45,150,50,5,Safe,12
2026-08-11 15:02:15,0,200,25.0,45,150,50,5,Safe,12
2026-08-11 15:02:34,0,200,25.0,45,150,50,5,Safe,12
2026-08-11 15:02:54,0,200,25.0,45,150,50,5,Safe,12
2026-08-11 15:03:13,0,200,25.0,45,150,50,5,Safe,12
2026-08-11 15:03:32,0,200,25.0,45,150,50,5,Safe,12
2026-08-11 15:03:52,0,200,25.0,45,150,50,5,Safe,12
2026-08-11 15:04:11,0,200,25.0,45,150,50,5,Safe,12
2026-08-11 15:04:31,0,200,25.0,45,150,50,5,Safe,12
2026-08-11 15:04:50,0,200,25.0,45,150,50,5,Safe,12
2026-08-11 15:05:10,0,200,25.0,45,150,50,5,Safe,12
2026-08-11 15:05:31,0,200,25.0,45,150,50,5,Safe,12
2026-08-11 15:05:51,0,200,25.0,45,150,50,5,Safe,12
2026-08-11 15:06:10,0,200,25.0,45,150,50,5,Safe,12
2026-08-11 15:06:29,0,200,25.0,45,150,50,5,Safe,12
2026-08-11 15:06:49,0,200,25.0,45,150,50,5,Safe,12
2026-08-11 15:07:09,0,200,25.0,45,150,50,5,Safe,12
2026-08-11 15:07:28,0,200,25.0,45,150,50,5,Safe,12
2026-08-11 15:07:47,0,200,25.0,45,150,50,5,Safe,12
2026-08-11 15:08:06,0,200,25.0,45,150,50,5,Safe,12
2026-08-11 15:08:25,0,200,25.0,45,150,50,5,Safe,12
2026-08-11 15:08:45,0,200,25.0,45,150,50,5,Safe,12
2026-08-11 15:09:04,0,200,25.0,45,150,50,5,Safe,12
2026-08-11 15:09:23,0,200,25.0,45,150,50,5,Safe,12
2026-08-11 15:09:42,0,200,25.0,45,150,50,5,Safe,12
2026-08-11 15:10:02,0,200,25.0,45,150,50,5,Safe,12
2026-08-11 15:10:21,0,200,25.0,45,150,50,5,Safe,12
2026-08-11 15:10:40,0,200,25.0,45,150,50,5,Safe,12
2026-08-11 15:10:59,0,200,25.0,45,150,50,5,Safe,12
2026-08-11 15:11:19,0,200,25.0,45,150,50,5,Safe,12
2026-08-11 15:11:38,0,200,25.0,45,150,50,5,Safe,12
2026-08-11 15:11:58,0,200,25.0,45,150,50,5,Safe,12
2026-08-11 15:12:17,0,200,25.0,45,150,50,5,Safe,12
2026-08-11 15:12:36,0,200,25.0,45,150,50,5,Safe,12
2026-08-11 15:12:56,0,200,25.0,45,150,50,5,Safe,12
2026-08-11 15:13:15,0,200,25.0,45,150,50,5,Safe,12
2026-08-11 15:13:34,0,200,25.0,45,150,50,5,Safe,12
2026-08-11 15:13:53,0,200,25.0,45,150,50,5,Safe,12
2026-08-11 15:14:13,0,200,25.0,45,150,50,5,Safe,12
2026-08-11 15:14:32,0,200,25.0,45,150,50,5,Safe,12
2026-08-11 15:14:51,0,200,25.0,45,150,50,5,Safe,12
2026-08-11 15:15:10,0,200,25.0,45,150,50,5,Safe,12
2026-08-11 15:15:30,0,200,25.0,45,150,50,5,Safe,12
2026-08-11 15:15:49,0,200,25.0,45,150,50,5,Safe,12
2026-08-11 15:16:08,0,200,25.0,45,150,50,5,Safe,12
2026-08-11 15:16:27,0,200,25.0,45,150,50,5,Safe,12
2026-08-11 15:16:47,0,200,25.0,45,150,50,5,Safe,12
2026-08-11 15:17:06,0,200,25.0,45,150,50,5,Safe,12
2026-08-11 15:17:25,0,200,25.0,45,150,50,5,Safe,12
2026-08-11 15:17:44,0,200,25.0,45,150,50,5,Safe,12
2026-08-11 15:18:04,0,200,25.0,45,150,50,5,Safe,12
2026-08-11 15:18:23,0,200,25.0,45,150,50,5,Safe,12
2026-08-11 15:18:42,0,200,25.0,45,150,50,5,Safe,12
2026-08-11 15:19:01,0,200,25.0,45,150,50,5,Safe,12
2026-08-11 15:19:20,0,200,25.0,45,150,50,5,Safe,12
2026-08-11 15:19:39,0,200,25.0,45,150,50,5,Safe,12
2026-08-11 15:19:59,0,200,25.0,45,150,50,5,Safe,12
2026-08-11 15:20:18,0,200,25.0,45,150,50,5,Safe,12
2026-08-11 15:20:37,0,200,25.0,45,150,50,5,Safe,12
2026-08-11 15:20:56,0,200,25.0,45,150,50,5,Safe,12
2026-08-11 15:21:16,0,200,25.0,45,150,50,5,Safe,12
2026-08-11 15:21:35,0,200,25.0,45,150,50,5,Safe,12
2026-08-11 15:21:54,0,200,25.0,45,150,50,5,Safe,12
2026-08-11 15:22:14,0,200,25.0,45,150,50,5,Safe,12
2026-08-11 15:22:34,0,200,25.0,45,150,50,5,Safe,12
2026-08-11 15:22:53,0,200,25.0,45,150,50,5,Safe,12
2026-08-11 15:23:12,0,200,25.0,45,150,50,5,Safe,12
2026-08-11 15:23:31,0,200,25.0,45,150,50,5,Safe,12
2026-08-11 15:23:51,0,200,25.0,45,150,50,5,Safe,12
2026-08-11 15:24:10,0,200,25.0,45,150,50,5,Safe,12
2026-08-11 15:24:30,0,200,25.0,45,150,50,5,Safe,12
2026-08-11 15:24:49,0,200,25.0,45,150,50,5,Safe,12
2026-08-11 15:25:09,0,200,25.0,45,150,50,5,Safe,12
2026-08-11 15:25:28,0,200,25.0,45,150,50,5,Safe,12
2026-08-11 15:25:47,0,200,25.0,45,150,50,5,Safe,12
2026-08-11 15:26:06,0,200,25.0,45,150,50,5,Safe,12
2026-08-11 15:26:26,0,200,25.0,45,150,50,5,Safe,12
2026-08-11 15:26:45,0,200,25.0,45,150,50,5,Safe,12
2026-08-11 15:27:04,0,200,25.0,45,150,50,5,Safe,12
2026-08-11 15:27:23,0,200,25.0,45,150,50,5,Safe,12
2026-08-11 15:27:43,0,200,25.0,45,150,50,5,Safe,12
2026-08-11 15:28:02,0,200,25.0,45,150,50,5,Safe,12
2026-08-11 15:28:21,0,200,25.0,45,150,50,5,Safe,12
2026-08-11 15:28:47,0,200,25.0,45,150,50,5,Safe,12
2026-08-12 09:20:15,0,200,25.0,45,150,50,5,Safe,12
2026-08-12 09:36:38,0,200,28.4,17,140,50,15,Safe,14
2026-08-12 09:37:08,0,200,28.3,9,3404,50,5,Safe,17
2026-08-12 09:37:38,0,200,28.4,10,766,50,15,Safe,16
2026-08-12 09:38:07,0,200,28.4,7,54612,50,35,Critical,82
2026-08-12 09:42:20,0,200,25.2,28,5554,50,15,Safe,3
2026-08-12 09:45:00,0,200,25.3,4,27357,50,5,Safe,15
2026-08-12 09:45:30,0,200,25.3,24,121,50,5,Safe,13
2026-08-12 09:46:12,0,200,25.3,11,110,50,5,Safe,13
2026-08-12 09:46:42,0,200,25.3,8,5775,50,15,Safe,9
2026-08-12 09:47:12,0,200,25.2,29,122,50,5,Safe,13
2026-08-12 09:53:03,0,200,25.4,25,91,50,35,Critical,95
2026-08-12 09:54:09,0,200,25.6,0,64,50,35,Critical,95
2026-08-12 09:58:03,0,200,19.0,0,141,50,35,Critical,98
2026-08-12 10:01:55,0,200,26.6,5,54,50,35,Critical,94
2026-08-12 10:12:23,0,200,25.5,48,61,50,5,Safe,18
2026-08-12 10:12:52,0,200,25.0,11,150,50,5,Safe,12
2026-08-12 10:19:52,0,200,25.0,45,150,50,5,Safe,12
2026-08-12 10:21:21,0,200,26.5,27,0,50,5,Safe,18
2026-08-12 10:21:55,0,200,26.7,27,0,50,5,Safe,18
2026-08-12 10:27:08,0,200,25.0,45,150,50,5,Safe,12
2026-08-12 10:30:18,0,200,25.0,45,150,50,5,Safe,12
2026-08-12 10:30:47,2,403,19.0,26,4640,50,15,Safe,5
2026-08-12 10:32:41,0,200,26.3,16,2666,50,35,Critical,99
2026-08-12 10:35:45,0,200,26.3,15,54,50,15,Safe,18
2026-08-12 10:36:15,0,200,26.3,41,2778,50,35,Critical,89
2026-08-12 10:38:25,0,200,26.0,42,54612,50,15,Safe,3
2026-08-12 10:40:40,0,200,26.0,37,569,50,5,Safe,9
2026-08-12 10:42:43,0,200,25.0,41,45,50,15,Safe,18
2026-08-12 10:56:30,0,0,25.4,5,48,50,15,Safe,19
2026-08-12 10:57:00,0,0,25.5,5,60778,50,35,Critical,75
2026-08-12 10:57:26,0,0,25.9,4,95,50,15,Critical,95
2026-08-12 10:57:44,0,200,25.0,45,150,50,5,Critical,95
2026-08-12 11:12:19,0,0,25.0,25,0,50,5,Safe,15
2026-08-12 11:12:44,0,0,25.0,25,0,50,5,Safe,15
2026-08-12 11:21:01,0,0,26.5,41,76,50,5,Safe,15
2026-08-12 11:21:57,2,64,19.0,32,11,50,15,Safe,20
2026-08-12 11:32:33,0,0,19.0,35,68,50,5,Safe,15
2026-08-12 11:33:02,0,0,19.0,36,68,50,15,Critical,95
2026-08-12 11:37:35,0,0,19.0,25,31,50,5,Safe,15
2026-08-12 11:52:36,0,0,25.0,25,0,50,35,Critical,86
2026-08-12 11:53:01,0,0,25.0,25,0,50,5,Safe,15
2026-08-12 11:53:26,0,0,25.0,25,0,50,15,Critical,95
2026-08-12 11:58:54,0,1190,19.0,29,45,50,35,Critical,95
2026-08-12 11:59:24,2,2248,19.0,19,21776,50,5,Safe,7
2026-08-12 11:59:53,2,4602,19.0,14,40,50,15,Critical,95
2026-08-12 12:09:22,0,0,26.0,49,0,50,5,Safe,15
2026-08-12 12:09:37,0,0,26.0,49,0,50,35,Critical,86
2026-08-12 12:09:49,0,0,26.3,38,66,50,35,Critical,86
2026-08-12 12:15:46,0,0,26.1,31,49,50,15,Safe,15
2026-08-12 12:16:01,0,0,26.3,39,49,50,5,Safe,15
2026-08-12 12:18:38,0,0,26.1,13,45,50,5,Safe,16
2026-08-12 12:41:40,0,0,22.2,29,58,50,31,Critical,86
2026-08-12 12:41:49,0,0,29.2,29,39,50,31,Critical,86
2026-08-12 12:41:58,0,0,29.3,15,56,50,31,Critical,86
2026-08-12 12:42:19,0,0,0.0,5,0,50,0,Safe,19
2026-08-12 12:42:31,0,0,0.0,20,0,50,0,Safe,15
2026-08-12 12:53:53,0,200,25.0,45,150,50,5,Safe,12
2026-08-12 13:01:51,0,200,25.0,45,150,50,5,Safe,12
2026-08-12 13:05:04,2,156,30.0,6,79,50,5,Safe,25
2026-08-12 13:05:13,1,156,30.0,8,21,50,5,Safe,15
2026-08-12 13:05:22,4,64,30.0,38,24683,50,0,Safe,5
2026-08-12 13:05:31,4,132,29.9,38,97,50,5,Safe,20
2026-08-12 13:05:41,5,72,29.9,37,34,50,5,Safe,20
2026-08-12 13:05:50,5,72,29.9,5,0,50,0,Safe,25
2026-08-12 13:05:59,8,104,29.9,20,1,50,13,Safe,20
2026-08-12 13:06:08,7,104,29.9,12,520,50,5,Critical,95
2026-08-12 13:10:24,0,0,30.3,11,63,50,5,Safe,15
2026-08-12 13:10:32,0,0,30.3,6,63,50,5,Safe,19
2026-08-12 13:10:41,0,0,30.3,6,93,50,5,Safe,19
2026-08-12 13:10:50,0,0,30.3,4,15393,50,5,Safe,15
2026-08-12 13:10:59,0,0,30.3,5,74,50,38,Critical,85
2026-08-12 13:14:56,0,0,29.9,16,58,50,77,Critical,86
2026-08-12 13:15:04,10,40,29.9,63,51,50,75,Critical,62
2026-08-12 13:19:48,4,32,30.2,28,42,50,3,Safe,20
2026-08-12 13:19:57,7,256,30.3,15,34,50,5,Safe,25
2026-08-12 13:20:05,5,256,30.4,5,36,50,23,Safe,28
2026-08-17 20:20:24,0,200,25.0,45,150,50,5,Safe,12
2026-08-17 20:20:33,0,200,25.0,45,150,50,5,Safe,12
2026-08-17 20:20:42,0,200,25.0,45,150,50,5,Safe,12
2026-08-17 20:20:51,0,200,25.0,45,150,50,5,Safe,12
2026-08-17 20:20:59,0,200,25.0,45,150,50,5,Critical,95
2026-08-17 20:21:07,0,210,34.9,44,150,50,6,Critical,95
2026-08-17 20:21:15,0,700,33.5,15,80,25,40,Critical,95
2026-08-17 20:21:22,0,700,33.5,15,80,25,40,Critical,95
2026-08-17 20:21:31,0,200,25.0,45,150,50,5,Safe,12
2026-08-17 20:21:39,0,200,25.0,45,150,50,5,Safe,12
2026-08-17 20:21:47,0,200,25.0,45,150,50,5,Safe,12
2026-08-17 20:21:55,0,200,25.0,45,150,50,5,Safe,12
2026-08-17 20:22:03,0,200,25.0,45,150,50,5,Safe,12
2026-08-17 20:22:11,0,200,25.0,45,150,50,5,Safe,12
2026-08-17 20:22:19,0,200,25.0,45,150,50,5,Safe,12
2026-08-17 20:22:27,0,200,25.0,45,150,50,5,Safe,12
2026-08-17 20:22:35,0,200,25.0,45,150,50,5,Critical,95
2026-08-17 20:22:43,0,200,25.0,45,150,50,5,Critical,95
2026-08-17 20:22:51,0,200,25.0,45,150,50,5,Critical,95
2026-08-17 20:22:58,0,200,25.0,45,150,50,5,Critical,95
2026-08-17 20:23:06,0,200,25.0,45,150,50,5,Critical,95
2026-08-17 20:23:14,0,200,25.0,45,150,50,5,Critical,95
2026-08-17 20:23:22,0,200,25.0,45,150,50,5,Critical,95
2026-08-17 20:23:29,0,200,25.0,45,150,50,5,Critical,95
2026-08-17 20:23:37,0,200,25.0,45,150,50,5,Critical,95
2026-08-17 20:23:45,0,200,25.0,45,150,50,5,Critical,95
2026-08-17 20:23:52,0,200,25.0,45,150,50,5,Critical,95
2026-08-17 20:24:00,0,200,25.0,45,150,50,5,Critical,95
2026-08-17 20:24:08,0,200,25.0,45,150,50,5,Critical,95
2026-08-17 20:24:16,0,200,25.0,45,150,50,5,Critical,95
2026-08-17 20:24:23,0,200,25.0,45,150,50,5,Critical,95
2026-08-17 20:24:31,0,200,25.0,45,150,50,5,Critical,95
2026-08-17 20:24:39,0,200,25.0,45,150,50,5,Critical,95
2026-08-17 20:24:46,0,200,25.0,45,150,50,5,Critical,95
2026-08-17 20:24:54,0,200,25.0,45,150,50,5,Critical,95
2026-08-17 20:25:02,0,200,25.0,45,150,50,5,Critical,95
2026-08-17 20:25:10,0,200,25.0,45,150,50,5,Critical,95
2026-08-17 20:25:17,0,200,25.0,45,150,50,5,Critical,95
2026-08-17 20:25:25,0,200,25.0,45,150,50,5,Critical,95
2026-08-17 20:25:33,0,200,25.0,45,150,50,5,Critical,95
2026-08-17 20:25:40,0,200,25.0,45,150,50,5,Critical,95
2026-08-17 20:25:48,0,200,25.0,45,150,50,5,Critical,95
2026-08-17 20:25:56,0,200,25.0,45,150,50,5,Critical,95
2026-08-17 20:26:04,0,200,25.0,45,150,50,5,Critical,95
2026-08-17 20:26:11,0,200,25.0,45,150,50,5,Critical,95
2026-08-17 20:26:19,0,200,25.0,45,150,50,5,Critical,95
2026-08-17 20:26:27,0,200,25.0,45,150,50,5,Critical,95
2026-08-17 20:26:34,0,200,25.0,45,150,50,5,Critical,95
2026-08-17 20:26:42,0,200,25.0,45,150,50,5,Critical,95
2026-08-17 20:26:50,0,200,25.0,45,150,50,5,Critical,95
2026-08-17 20:26:58,0,200,25.0,45,150,50,5,Critical,95
2026-08-17 20:27:05,0,200,25.0,45,150,50,5,Critical,95
2026-08-17 20:27:13,0,200,25.0,45,150,50,5,Critical,95
2026-08-17 20:27:21,0,200,25.0,45,150,50,5,Critical,95
2026-08-17 20:27:28,0,200,25.0,45,150,50,5,Critical,95
2026-08-17 20:27:36,0,200,25.0,45,150,50,5,Critical,95
2026-08-17 20:27:44,0,200,25.0,45,150,50,5,Critical,95
2026-08-17 20:27:52,0,200,25.0,45,150,50,5,Critical,95
2026-08-17 20:27:59,0,200,25.0,45,150,50,5,Critical,95
2026-08-17 20:28:07,0,200,25.0,45,150,50,5,Critical,95
2026-08-17 20:28:15,0,200,25.0,45,150,50,5,Critical,95
2026-08-17 20:28:22,0,200,25.0,45,150,50,5,Critical,95
2026-08-17 20:28:30,0,200,25.0,45,150,50,5,Critical,95
2026-08-17 20:28:38,0,200,25.0,45,150,50,5,Critical,95
2026-08-17 20:28:46,0,200,25.0,45,150,50,5,Critical,95
2026-08-17 20:28:53,0,200,25.0,45,150,50,5,Critical,95
2026-08-17 20:29:01,0,200,25.0,45,150,50,5,Critical,95
2026-08-17 20:29:09,0,200,25.0,45,150,50,5,Critical,95
2026-08-17 20:29:16,0,200,25.0,45,150,50,5,Critical,95
2026-08-17 20:29:24,0,200,25.0,45,150,50,5,Critical,95
2026-08-17 20:29:32,0,200,25.0,45,150,50,5,Critical,95
2026-08-17 20:29:40,0,200,25.0,45,150,50,5,Critical,95
2026-08-17 20:29:47,0,200,25.0,45,150,50,5,Critical,95
2026-08-17 20:29:55,0,200,25.0,45,150,50,5,Critical,95
2026-08-17 20:30:03,0,200,25.0,45,150,50,5,Critical,95
2026-08-17 20:30:10,0,200,25.0,45,150,50,5,Critical,95
2026-08-17 20:30:18,0,200,25.0,45,150,50,5,Critical,95
2026-08-17 20:30:26,0,200,25.0,45,150,50,5,Critical,95
2026-08-17 20:30:34,0,200,25.0,45,150,50,5,Critical,95
2026-08-17 20:30:41,0,200,25.0,45,150,50,5,Critical,95
2026-08-17 20:30:49,0,200,25.0,45,150,50,5,Critical,95
2026-08-17 20:30:57,0,200,25.0,45,150,50,5,Critical,95
2026-08-17 20:31:05,0,200,25.0,45,150,50,5,Critical,95
2026-08-17 20:31:12,0,200,25.0,45,150,50,5,Critical,95
2026-08-17 20:31:20,0,200,25.0,45,150,50,5,Critical,95
2026-08-17 20:31:28,0,200,25.0,45,150,50,5,Critical,95
2026-08-17 20:31:35,0,200,25.0,45,150,50,5,Critical,95
2026-08-17 20:31:43,0,200,25.0,45,150,50,5,Critical,95
2026-08-17 20:31:51,0,200,25.0,45,150,50,5,Critical,95
2026-08-17 20:31:59,0,200,25.0,45,150,50,5,Critical,95
2026-08-17 20:32:06,0,200,25.0,45,150,50,5,Critical,95
2026-08-17 20:32:14,0,200,25.0,45,150,50,5,Critical,95
2026-08-17 20:32:22,0,200,25.0,45,150,50,5,Critical,95
2026-08-17 20:32:29,0,200,25.0,45,150,50,5,Critical,95
2026-08-17 20:32:37,0,200,25.0,45,150,50,5,Critical,95
2026-08-17 20:32:45,0,200,25.0,45,150,50,5,Critical,95
2026-08-17 20:32:53,0,200,25.0,45,150,50,5,Critical,95
2026-08-17 20:33:00,0,200,25.0,45,150,50,5,Critical,95
2026-08-17 21:10:53,0,200,25.0,45,150,50,5,Safe,12
2026-08-17 21:11:01,0,200,25.0,45,150,50,5,Safe,12
2026-08-17 21:11:09,0,200,25.0,45,150,50,5,Safe,12
2026-08-17 21:11:17,0,200,25.0,45,150,50,5,Safe,12
2026-08-17 21:11:25,0,200,25.0,45,150,50,5,Safe,12
2026-08-17 21:11:33,0,200,25.0,45,150,50,5,Safe,12
2026-08-17 21:11:41,0,200,25.0,45,150,50,5,Safe,12
2026-08-17 21:11:49,0,200,25.0,45,150,50,5,Critical,95
2026-08-17 21:11:57,0,200,25.0,45,150,50,5,Critical,95
2026-08-17 21:12:04,0,200,25.0,45,150,50,5,Critical,95
2026-08-17 21:12:12,0,200,25.0,45,150,50,5,Critical,95
2026-08-17 21:12:20,0,200,25.0,45,150,50,5,Critical,95
2026-08-17 21:12:27,0,200,25.0,45,150,50,5,Critical,95
2026-08-17 21:12:35,0,200,25.0,45,150,50,5,Critical,95
2026-08-17 21:12:43,0,200,25.0,45,150,50,5,Critical,95
2026-08-17 21:12:50,0,200,25.0,45,150,50,5,Critical,95
2026-08-17 21:12:58,0,200,25.0,45,150,50,5,Critical,95
2026-08-17 21:13:06,0,200,25.0,45,150,50,5,Critical,95
2026-08-17 21:13:13,0,200,25.0,45,150,50,5,Critical,95
2026-08-17 21:13:21,0,200,25.0,45,150,50,5,Critical,95
2026-08-17 21:13:29,0,200,25.0,45,150,50,5,Critical,95
2026-08-17 21:13:37,0,200,25.0,45,150,50,5,Critical,95
2026-08-17 21:13:45,0,200,25.0,45,150,50,5,Critical,95
2026-08-17 21:13:52,0,200,25.0,45,150,50,5,Critical,95
2026-08-17 21:14:00,0,200,25.0,45,150,50,5,Critical,95
2026-08-17 21:14:08,0,200,25.0,45,150,50,5,Critical,95
2026-08-17 21:14:15,0,200,25.0,45,150,50,5,Critical,95
2026-08-17 21:14:23,0,200,25.0,45,150,50,5,Critical,95
2026-08-17 21:14:31,0,200,25.0,45,150,50,5,Critical,95
2026-08-17 21:14:39,0,200,25.0,45,150,50,5,Critical,95
2026-08-17 21:14:46,0,200,25.0,45,150,50,5,Critical,95
2026-08-17 21:14:54,0,200,25.0,45,150,50,5,Critical,95
2026-08-17 21:15:02,0,200,25.0,45,150,50,5,Critical,95
2026-08-17 21:15:09,0,200,25.0,45,150,50,5,Critical,95
2026-08-17 21:15:17,0,200,25.0,45,150,50,5,Critical,95
2026-08-17 21:15:25,0,200,25.0,45,150,50,5,Critical,95
2026-08-17 21:15:33,0,200,25.0,45,150,50,5,Critical,95
2026-08-17 21:15:40,0,200,25.0,45,150,50,5,Critical,95
2026-08-17 21:15:48,0,200,25.0,45,150,50,5,Critical,95
2026-08-17 21:15:56,0,200,25.0,45,150,50,5,Critical,95
2026-08-17 21:16:04,0,200,25.0,45,150,50,5,Critical,95
2026-08-17 21:16:11,0,200,25.0,45,150,50,5,Critical,95
2026-08-17 21:16:19,0,200,25.0,45,150,50,5,Critical,95
2026-08-17 21:16:27,0,200,25.0,45,150,50,5,Critical,95
2026-08-17 21:16:34,0,200,25.0,45,150,50,5,Critical,95
2026-08-17 21:16:42,0,200,25.0,45,150,50,5,Critical,95
2026-08-17 21:16:50,0,200,25.0,45,150,50,5,Critical,95
2026-08-17 21:16:58,0,200,25.0,45,150,50,5,Critical,95
2026-08-17 21:17:05,0,200,25.0,45,150,50,5,Critical,95
2026-08-17 21:17:13,0,200,25.0,45,150,50,5,Critical,95
2026-08-17 21:17:21,0,200,25.0,45,150,50,5,Critical,95
2026-08-17 21:17:29,0,200,25.0,45,150,50,5,Critical,95
2026-08-17 21:17:37,0,200,25.0,45,150,50,5,Critical,95
2026-08-17 21:17:45,0,200,25.0,45,150,50,5,Critical,95
2026-08-17 21:17:53,0,200,25.0,45,150,50,5,Critical,95
2026-08-17 21:18:00,0,200,25.0,45,150,50,5,Critical,95
2026-08-17 21:18:08,0,200,25.0,45,150,50,5,Critical,95
2026-08-17 21:18:16,0,200,25.0,45,150,50,5,Critical,95
2026-08-17 21:18:24,0,200,25.0,45,150,50,5,Critical,95
2026-08-17 21:18:31,0,200,25.0,45,150,50,5,Critical,95
2026-08-17 21:18:39,0,200,25.0,45,150,50,5,Critical,95
2026-08-17 21:18:47,0,200,25.0,45,150,50,5,Critical,95
2026-08-17 21:18:54,0,200,25.0,45,150,50,5,Critical,95
2026-08-17 21:19:02,0,200,25.0,45,150,50,5,Critical,95
2026-08-17 21:19:10,0,200,25.0,45,150,50,5,Critical,95
2026-08-17 21:19:17,0,200,25.0,45,150,50,5,Critical,95
2026-08-17 21:19:25,0,200,25.0,45,150,50,5,Critical,95
2026-08-17 21:19:33,0,200,25.0,45,150,50,5,Critical,95
2026-08-17 21:19:40,0,200,25.0,45,150,50,5,Critical,95
2026-08-17 21:19:48,0,200,25.0,45,150,50,5,Critical,95
2026-08-17 21:19:56,0,200,25.0,45,150,50,5,Critical,95
2026-08-17 21:20:03,0,200,25.0,45,150,50,5,Critical,95
2026-08-17 21:20:11,0,200,25.0,45,150,50,5,Critical,95
2026-08-17 21:20:19,0,200,25.0,45,150,50,5,Critical,95
2026-08-17 21:20:27,0,200,25.0,45,150,50,5,Critical,95
2026-08-17 21:20:34,0,200,25.0,45,150,50,5,Critical,95
2026-08-17 21:20:42,0,200,25.0,45,150,50,5,Critical,95
2026-08-17 21:20:50,0,200,25.0,45,150,50,5,Critical,95
2026-08-17 21:20:57,0,200,25.0,45,150,50,5,Critical,95
2026-08-17 21:21:05,0,200,25.0,45,150,50,5,Critical,95
2026-08-17 21:21:13,0,200,25.0,45,150,50,5,Critical,95
2026-08-17 21:21:20,0,200,25.0,45,150,50,5,Critical,95
2026-08-17 21:21:28,0,200,25.0,45,150,50,5,Critical,95
2026-08-17 21:21:36,0,200,25.0,45,150,50,5,Critical,95
2026-08-17 21:21:43,0,200,25.0,45,150,50,5,Critical,95
2026-08-17 21:21:51,0,200,25.0,45,150,50,5,Critical,95
2026-08-17 21:21:59,0,200,25.0,45,150,50,5,Critical,95
2026-08-17 21:22:06,0,200,25.0,45,150,50,5,Critical,95
2026-08-17 21:22:14,0,200,25.0,45,150,50,5,Critical,95
2026-08-17 21:22:22,0,200,25.0,45,150,50,5,Critical,95
2026-08-17 21:22:29,0,200,25.0,45,150,50,5,Critical,95
2026-08-17 21:22:37,0,200,25.0,45,150,50,5,Critical,95
2026-08-17 21:22:45,0,200,25.0,45,150,50,5,Critical,95
2026-08-17 21:22:52,0,200,25.0,45,150,50,5,Critical,95
2026-08-17 21:23:00,0,200,25.0,45,150,50,5,Critical,95
2026-08-17 21:23:07,0,200,25.0,45,150,50,5,Critical,95
2026-08-17 21:23:15,0,200,25.0,45,150,50,5,Critical,95
2026-08-17 21:23:23,0,200,25.0,45,150,50,5,Critical,95
2026-08-17 21:23:30,0,200,25.0,45,150,50,5,Critical,95
2026-08-17 21:23:38,0,200,25.0,45,150,50,5,Critical,95
2026-08-17 21:23:46,0,200,25.0,45,150,50,5,Critical,95
2026-08-17 21:23:53,0,200,25.0,45,150,50,5,Critical,95
2026-08-17 21:24:01,0,200,25.0,45,150,50,5,Critical,95
2026-08-17 21:24:09,0,200,25.0,45,150,50,5,Critical,95
2026-08-17 21:24:16,0,200,25.0,45,150,50,5,Critical,95
2026-08-17 21:24:24,0,200,25.0,45,150,50,5,Critical,95
2026-08-17 21:24:32,0,200,25.0,45,150,50,5,Critical,95
2026-08-17 21:24:39,0,200,25.0,45,150,50,5,Critical,95
2026-08-17 21:24:47,0,200,25.0,45,150,50,5,Critical,95
2026-08-17 21:24:54,0,200,25.0,45,150,50,5,Critical,95
2026-08-17 21:25:02,0,200,25.0,45,150,50,5,Critical,95
2026-08-17 21:25:10,0,200,25.0,45,150,50,5,Critical,95
2026-08-17 21:25:17,0,200,25.0,45,150,50,5,Critical,95
2026-08-17 21:25:25,0,200,25.0,45,150,50,5,Critical,95
2026-08-17 21:25:33,0,200,25.0,45,150,50,5,Critical,95
2026-08-17 21:25:40,0,200,25.0,45,150,50,5,Critical,95
2026-08-18 09:25:16,0,200,25.0,45,150,50,5,Critical,95
2026-08-18 09:25:30,0,200,25.0,45,150,50,5,Critical,95
2026-08-18 09:25:40,0,200,25.0,45,150,50,5,Critical,95
2026-08-18 09:25:48,0,200,25.0,45,150,50,5,Critical,95
2026-08-18 09:25:56,0,200,25.0,45,150,50,5,Critical,95
2026-08-18 09:26:05,0,200,25.0,45,150,50,5,Critical,95
2026-08-18 09:26:14,0,200,25.0,45,150,50,5,Critical,95
2026-08-18 09:26:22,0,200,25.0,45,150,50,5,Critical,95
2026-08-18 09:26:32,0,200,25.0,45,150,50,5,Critical,95
2026-08-18 09:26:43,0,200,25.0,45,150,50,5,Critical,95
2026-08-18 09:26:53,0,200,25.0,45,150,50,5,Critical,95
2026-08-18 09:27:02,0,200,25.0,45,150,50,5,Critical,95
2026-08-18 09:27:10,0,200,25.0,45,150,50,5,Critical,95
2026-08-18 09:27:18,0,200,25.0,45,150,50,5,Critical,95
2026-08-18 09:27:27,0,200,25.0,45,150,50,5,Critical,95
2026-08-18 09:27:35,0,200,25.0,45,150,50,5,Critical,95
2026-08-18 09:27:43,0,200,25.0,45,150,50,5,Critical,95
2026-08-18 09:27:51,0,200,25.0,45,150,50,5,Critical,95
2026-08-18 09:27:59,0,200,25.0,45,150,50,5,Critical,95
2026-08-18 09:28:07,0,200,25.0,45,150,50,5,Critical,95
2026-08-18 09:28:15,0,200,25.0,45,150,50,5,Critical,95
2026-08-18 09:28:23,0,200,25.0,45,150,50,5,Critical,95
2026-08-18 09:28:31,0,200,25.0,45,150,50,5,Critical,95
2026-08-18 09:28:39,0,200,25.0,45,150,50,5,Critical,95
2026-08-18 09:28:47,0,200,25.0,45,150,50,5,Critical,95
2026-08-18 09:28:55,0,200,25.0,45,150,50,5,Critical,95
2026-08-18 09:29:03,0,200,25.0,45,150,50,5,Critical,95
2026-08-18 09:29:11,0,200,25.0,45,150,50,5,Critical,95
2026-08-18 09:29:19,0,200,25.0,45,150,50,5,Critical,95
2026-08-18 09:29:27,0,200,25.0,45,150,50,5,Critical,95
2026-08-18 09:29:35,0,200,25.0,45,150,50,5,Critical,95
2026-08-18 09:29:42,0,200,25.0,45,150,50,5,Critical,95
2026-08-18 09:29:50,0,200,25.0,45,150,50,5,Critical,95
2026-08-18 09:29:58,0,200,25.0,45,150,50,5,Critical,95
2026-08-18 09:30:06,0,200,25.0,45,150,50,5,Critical,95
2026-08-18 09:30:13,0,200,25.0,45,150,50,5,Critical,95
2026-08-18 09:30:21,0,200,25.0,45,150,50,5,Critical,95
2026-08-18 09:30:29,0,200,25.0,45,150,50,5,Critical,95
2026-08-18 09:30:36,0,200,25.0,45,150,50,5,Critical,95
2026-08-18 09:30:44,0,200,25.0,45,150,50,5,Critical,95
2026-08-18 09:30:52,0,200,25.0,45,150,50,5,Critical,95
2026-08-18 09:30:59,0,200,25.0,45,150,50,5,Critical,95
2026-08-18 09:31:07,0,200,25.0,45,150,50,5,Critical,95
2026-08-18 09:31:15,0,200,25.0,45,150,50,5,Critical,95
2026-08-18 09:31:23,0,200,25.0,45,150,50,5,Critical,95
2026-08-18 09:31:30,0,200,25.0,45,150,50,5,Critical,95
2026-08-18 09:31:38,0,200,25.0,45,150,50,5,Critical,95
2026-08-18 09:31:46,0,200,25.0,45,150,50,5,Critical,95
2026-08-18 09:31:53,0,200,25.0,45,150,50,5,Critical,95
2026-08-18 09:32:01,0,200,25.0,45,150,50,5,Critical,95
2026-08-18 09:32:09,0,200,25.0,45,150,50,5,Critical,95
2026-08-18 09:32:17,0,200,25.0,45,150,50,5,Critical,95
2026-08-18 09:32:24,0,200,25.0,45,150,50,5,Critical,95
2026-08-18 09:32:32,0,200,25.0,45,150,50,5,Critical,95
2026-08-18 09:32:40,0,200,25.0,45,150,50,5,Critical,95
2026-08-18 09:32:48,0,200,25.0,45,150,50,5,Critical,95
2026-08-18 09:32:55,0,200,25.0,45,150,50,5,Critical,95
2026-08-18 09:33:03,0,200,25.0,45,150,50,5,Critical,95
2026-08-18 09:33:11,0,200,25.0,45,150,50,5,Critical,95
2026-08-18 09:33:18,0,200,25.0,45,150,50,5,Critical,95
2026-08-18 09:33:26,0,200,25.0,45,150,50,5,Critical,95
2026-08-18 09:33:34,0,200,25.0,45,150,50,5,Critical,95
2026-08-18 09:33:41,0,200,25.0,45,150,50,5,Critical,95
2026-08-18 09:33:49,0,200,25.0,45,150,50,5,Critical,95
2026-08-18 09:33:57,0,200,25.0,45,150,50,5,Critical,95
2026-08-18 09:34:05,0,200,25.0,45,150,50,5,Critical,95
2026-08-18 09:34:12,0,200,25.0,45,150,50,5,Critical,95
2026-08-18 09:34:20,0,200,25.0,45,150,50,5,Critical,95
2026-08-18 09:34:28,0,200,25.0,45,150,50,5,Critical,95
2026-08-18 09:34:35,0,200,25.0,45,150,50,5,Critical,95
2026-08-18 09:34:43,0,200,25.0,45,150,50,5,Critical,95
2026-08-18 09:34:51,0,200,25.0,45,150,50,5,Critical,95
2026-08-18 09:34:59,0,200,25.0,45,150,50,5,Critical,95
2026-08-18 09:35:06,0,200,25.0,45,150,50,5,Critical,95
2026-08-18 09:35:14,0,200,25.0,45,150,50,5,Critical,95
2026-08-18 09:35:22,0,200,25.0,45,150,50,5,Critical,95
2026-08-18 09:35:29,0,200,25.0,45,150,50,5,Critical,95
2026-08-18 09:35:37,0,200,25.0,45,150,50,5,Critical,95
2026-08-18 09:35:45,0,200,25.0,45,150,50,5,Critical,95
2026-08-18 09:35:53,0,200,25.0,45,150,50,5,Critical,95
2026-08-18 09:36:00,0,200,25.0,45,150,50,5,Critical,95
2026-08-18 09:36:08,0,200,25.0,45,150,50,5,Critical,95
2026-08-18 09:36:16,0,200,25.0,45,150,50,5,Critical,95
2026-08-18 09:36:24,0,200,25.0,45,150,50,5,Critical,95
2026-08-18 09:36:31,0,200,25.0,45,150,50,5,Critical,95
2026-08-18 09:36:39,0,200,25.0,45,150,50,5,Critical,95
2026-08-18 09:36:47,0,200,25.0,45,150,50,5,Critical,95
2026-08-18 09:36:54,0,200,25.0,45,150,50,5,Critical,95
2026-08-18 09:37:02,0,200,25.0,45,150,50,5,Critical,95
2026-08-18 09:37:09,0,200,25.0,45,150,50,5,Critical,95
2026-08-18 09:37:17,0,200,25.0,45,150,50,5,Critical,95
2026-08-18 09:37:25,0,200,25.0,45,150,50,5,Critical,95
2026-08-18 09:37:32,0,200,25.0,45,150,50,5,Critical,95
2026-08-18 09:37:40,0,200,25.0,45,150,50,5,Critical,95
2026-08-18 09:37:48,0,200,25.0,45,150,50,5,Critical,95
2026-08-18 09:37:55,0,200,25.0,45,150,50,5,Critical,95
2026-08-18 09:38:03,0,200,25.0,45,150,50,5,Critical,95
2026-08-18 09:38:11,0,200,25.0,45,150,50,5,Critical,95
2026-08-18 09:38:19,0,200,25.0,45,150,50,5,Critical,95
2026-08-18 09:38:26,0,200,25.0,45,150,50,5,Critical,95
2026-08-18 09:38:34,0,200,25.0,45,150,50,5,Critical,95
2026-08-18 09:38:42,0,200,25.0,45,150,50,5,Critical,95
2026-08-18 09:38:49,0,200,25.0,45,150,50,5,Critical,95
2026-08-18 09:38:57,0,200,25.0,45,150,50,5,Critical,95
2026-08-18 09:39:05,0,200,25.0,45,150,50,5,Critical,95
2026-08-18 09:39:13,0,200,25.0,45,150,50,5,Critical,95
2026-08-18 09:39:20,0,200,25.0,45,150,50,5,Critical,95
2026-08-18 09:39:28,0,200,25.0,45,150,50,5,Critical,95
2026-08-18 09:39:36,0,200,25.0,45,150,50,5,Critical,95
2026-08-18 09:39:43,0,200,25.0,45,150,50,5,Critical,95
2026-08-18 09:39:51,0,200,25.0,45,150,50,5,Critical,95
2026-08-18 09:39:59,0,200,25.0,45,150,50,5,Critical,95
2026-08-18 09:40:06,0,200,25.0,45,150,50,5,Critical,95
2026-08-18 09:40:14,0,200,25.0,45,150,50,5,Critical,95
2026-08-18 09:40:22,0,200,25.0,45,150,50,5,Critical,95
2026-08-18 09:40:30,0,200,25.0,45,150,50,5,Critical,95
2026-08-18 09:40:37,0,200,25.0,45,150,50,5,Critical,95
2026-08-18 09:40:45,0,200,25.0,45,150,50,5,Critical,95
2026-08-18 09:40:53,0,200,25.0,45,150,50,5,Critical,95
2026-08-18 09:41:00,0,200,25.0,45,150,50,5,Critical,95
2026-08-18 09:41:08,0,200,25.0,45,150,50,5,Critical,95
2026-08-18 09:41:16,0,200,25.0,45,150,50,5,Critical,95
2026-08-18 09:41:24,0,200,25.0,45,150,50,5,Critical,95
2026-08-18 09:41:31,0,200,25.0,45,150,50,5,Critical,95
2026-08-18 09:41:39,0,200,25.0,45,150,50,5,Critical,95
2026-08-18 09:41:47,0,200,25.0,45,150,50,5,Critical,95
2026-08-18 09:50:53,0,200,25.0,45,150,50,5,Safe,12
2026-08-18 09:51:03,0,200,25.0,45,150,50,5,Safe,12
2026-08-18 09:51:13,0,200,25.0,45,150,50,5,Safe,12
2026-08-18 09:51:22,0,200,25.0,45,150,50,5,Safe,12
2026-08-18 09:51:32,0,200,25.0,45,150,50,5,Safe,12
2026-08-18 09:51:41,0,200,25.0,45,150,50,5,Safe,12
2026-08-18 09:52:01,0,200,25.0,45,150,50,5,Safe,12
2026-08-18 09:52:11,0,200,25.0,45,150,50,5,Safe,12
2026-08-18 09:52:22,0,200,25.0,45,150,50,5,Safe,12
2026-08-18 09:52:35,0,200,25.0,45,150,50,5,Safe,12
2026-08-18 09:52:47,0,200,25.0,45,150,50,5,Safe,12
2026-08-18 09:52:57,0,200,25.0,45,150,50,5,Critical,95
2026-08-18 09:53:06,0,200,25.0,45,150,50,5,Critical,95
2026-08-18 09:53:15,0,200,25.0,45,150,50,5,Critical,95
2026-08-18 09:53:24,0,200,25.0,45,150,50,5,Critical,95
2026-08-18 09:53:32,0,200,25.0,45,150,50,5,Critical,95
2026-08-18 09:53:41,0,200,25.0,45,150,50,5,Critical,95
2026-08-18 09:53:50,0,200,25.0,45,150,50,5,Critical,95
2026-08-18 09:53:59,0,200,25.0,45,150,50,5,Critical,95
2026-08-18 09:54:08,0,200,25.0,45,150,50,5,Critical,95
2026-08-18 09:54:17,0,200,25.0,45,150,50,5,Critical,95
2026-08-18 11:22:55,17,180,34.8,46,300,50,5,Safe,0
2026-08-18 11:29:01,17,180,34.8,46,300,50,5,Safe,0
2026-08-18 11:29:10,16,180,34.6,44,280,50,6,Safe,1
2026-08-18 11:29:19,16,180,34.6,44,280,50,6,Safe,1
2026-08-18 11:29:29,16,180,34.6,44,280,50,6,Safe,1
2026-08-18 11:29:40,16,180,34.6,44,280,50,6,Safe,1
2026-08-18 11:29:51,16,180,34.6,44,280,50,6,Safe,1
2026-08-18 11:30:02,17,180,34.8,46,300,50,5,Safe,0
2026-08-18 11:30:12,17,180,34.8,46,300,50,5,Safe,0
